Sucursal,Canal,Cliente
SOLO DEPORTES DEPOSITO,MB,BLOISE Hnos.Soc.de H.
All Sports 12,MB,ROSSETTI CARLOS ALBERTO
All Sports 14,MB,ROSSETTI CARLOS ALBERTO
All Sports 15,MB,ROSSETTI CARLOS ALBERTO
All Sports 16,MB,ROSSETTI CARLOS ALBERTO
All Sports 20,MB,ROSSETTI CARLOS ALBERTO
All Sports 23,MB,ROSSETTI CARLOS ALBERTO
All Sports 26,MB,ROSSETTI CARLOS ALBERTO
All Sports 34,MB,ROSSETTI CARLOS ALBERTO
All Sports 37,MB,ROSSETTI CARLOS ALBERTO
All Sports 38,MB,ROSSETTI CARLOS ALBERTO
All Sports 42,MB,ROSSETTI CARLOS ALBERTO
All Sports 44,MB,ROSSETTI CARLOS ALBERTO
All Sports 52,MB,ROSSETTI CARLOS ALBERTO
All Sports 54,MB,ROSSETTI CARLOS ALBERTO
All Sports 66,MB,ROSSETTI CARLOS ALBERTO
BLAST ALTO ROSARIO,MB,GRAELLS NELSON A.
BLAST CORDOBA 1260,MB,GRAELLS NELSON A.
BLAST PORTAL ROSARIO,MB,GRAELLS NELSON A.
BLAST SHOPPING DEL SIGLO,MB,GRAELLS NELSON A.
CD - ANTONIO LUQUIN,MB,ANTONIO LUQUIN S.A.
CER026 - BARRIO JARDIN,MB,ADOLFO ZAKIAN S.A.
CER026 - CARLOS PAZ,MB,ADOLFO ZAKIAN S.A.
CER026 - CENTRO,MB,ADOLFO ZAKIAN S.A.
CER026 - DIGITAL,MB,ADOLFO ZAKIAN S.A.
CER026 - NUEVO CENTRO,MB,ADOLFO ZAKIAN S.A.
CER026 - PATIO OLMOS,MB,ADOLFO ZAKIAN S.A.
CER026 - POETA LUGONES,MB,ADOLFO ZAKIAN S.A.
DASH ALTO AVELLANEDA - S48,MB,AMI MUSIC S.A.
DASH CORDOBA,MB,AMI MUSIC S.A.
DASH MELI,MB,AMI MUSIC S.A.
DASH San Justo Shopping,MB,AMI MUSIC S.A.
DASH TOM - S49,MB,AMI MUSIC S.A.
DASH UNICENTER,MB,AMI MUSIC S.A.
DASH(AMI) ALBERTI - A25,MB,AMI MUSIC S.A.
DASH(AMI) BENAVIDEZ ll - A24,MB,AMI MUSIC S.A.
DASH(AMI) CAMPANA - A14,MB,AMI MUSIC S.A.
DASH(AMI) CONCORDIA - A07,MB,AMI MUSIC S.A.
DASH(AMI) GARIN 2 - A36,MB,AMI MUSIC S.A.
DASH(AMI) GRANG BOURG - A12,MB,AMI MUSIC S.A.
DASH(AMI) GUALEGUAYCHU - A05,MB,AMI MUSIC S.A.
DASH(AMI) JUNIN - A34,MB,AMI MUSIC S.A.
DASH(AMI) LA PAMPA - A31,MB,AMI MUSIC S.A.
DASH(AMI) MAQ. SAVIO - A09,MB,AMI MUSIC S.A.
DASH(AMI) MAQ. SAVIO II - A11,MB,AMI MUSIC S.A.
DASH(AMI) MENDOZA - A26,MB,AMI MUSIC S.A.
DASH(AMI) MENDOZA 2 - A27,MB,AMI MUSIC S.A.
DASH(AMI) PERGAMINO - A06,MB,AMI MUSIC S.A.
DASH(AMI) SAN FERNANDO - A16,MB,AMI MUSIC S.A.
DASH(AMI) SANTA FE - A20,MB,AMI MUSIC S.A.
DASH(AMI) San Martin - A04,MB,AMI MUSIC S.A.
DASH(AMI) TORTUGUITAS - A08,MB,AMI MUSIC S.A.
DASH(AMI) VIEDMA - A32,MB,AMI MUSIC S.A.
DASH(AMI) VILLA MERCEDES 2 - A19,MB,AMI MUSIC S.A.
DASH(AMI) VILLA MERCEDES 3 - A38,MB,AMI MUSIC S.A.
DASH(AMI) WILLIAM MORRIS - A33,MB,AMI MUSIC S.A.
DASH(Essential) AZUL - S19,MB,AMI MUSIC S.A.
DASH(Essential) BALCARCE - S31,MB,AMI MUSIC S.A.
DASH(Essential) CHIVILCOY - S08,MB,AMI MUSIC S.A.
DASH(Essential) CONCEPCION - S09,MB,AMI MUSIC S.A.
DASH(Essential) CONCEPCION II - S26,MB,AMI MUSIC S.A.
DASH(Essential) CRUCE CASTELAR - S16,MB,AMI MUSIC S.A.
DASH(Essential) Constituyentes - S44,MB,AMI MUSIC S.A.
DASH(Essential) Del fundador 1450 - S32,MB,AMI MUSIC S.A.
DASH(Essential) ESCOBAR - s29,MB,AMI MUSIC S.A.
DASH(Essential) GRAND BOURG 1 - S35,MB,AMI MUSIC S.A.
DASH(Essential) GRAND BOURG 3 - S37,MB,AMI MUSIC S.A.
DASH(Essential) JOSE C. PAZ - AN1,MB,AMI MUSIC S.A.
DASH(Essential) JOSE C. PAZ 2 - S01,MB,AMI MUSIC S.A.
DASH(Essential) La Rioja - S41,MB,AMI MUSIC S.A.
DASH(Essential) MALVINAS - S34,MB,AMI MUSIC S.A.
DASH(Essential) NECOCHEA - S24,MB,AMI MUSIC S.A.
DASH(Essential) OLAVARRIA - S20,MB,AMI MUSIC S.A.
DASH(Essential) PACHECO - S15,MB,AMI MUSIC S.A.
DASH(Essential) PARANA - S28,MB,AMI MUSIC S.A.
DASH(Essential) PILAR 2 - S07,MB,AMI MUSIC S.A.
DASH(Essential) PILAR 3 - S12,MB,AMI MUSIC S.A.
DASH(Essential) PILAR 4 - S27,MB,AMI MUSIC S.A.
DASH(Essential) PTE. DERQUI - S13,MB,AMI MUSIC S.A.
DASH(Essential) SAN MIGUEL - S05,MB,AMI MUSIC S.A.
DASH(Essential) SAN MIGUEL 3 - S11,MB,AMI MUSIC S.A.
DASH(Essential) TANDIL 1 - S21,MB,AMI MUSIC S.A.
DASH(Essential) TANDIL 2 - S22,MB,AMI MUSIC S.A.
DASH(Essential) VIRREYES - S33,MB,AMI MUSIC S.A.
DASH(Essential) ZARATE - S14,MB,AMI MUSIC S.A.
DEPOSITO CENTRAL DASH,MB,AMI MUSIC S.A.
DEPOSITO DASH II,MB,AMI MUSIC S.A.
DEPOSITO GRAELLS NELSON A.,MB,GRAELLS NELSON A.
DEXTER GENERICO,MB,DABRA
DIONYSOS,MB,GRAELLS NELSON A.
DX  SAN MIGUEL II 51,MB,DABRA
DX - MERCADOLIBRE,MB,DABRA
DX 216 - Quilmes,MB,DABRA
DX 217 - Bahia Blanca,MB,DABRA
DX ABASTO 156,MB,DABRA
DX AUCHAN 79,MB,DABRA
DX Alberdi (nuevo) 139,MB,DABRA
DX BERAZATEGUI 54,MB,DABRA
DX CABALLITO 170,MB,DABRA
DX CAMPANA 80,MB,DABRA
DX CATAMARCA 212,MB,DABRA
DX CENCOSUD 146,MB,DABRA
DX CENTRO 158,MB,DABRA
DX CENTRO 172,MB,DABRA
DX CORRIENTES 220,MB,DABRA
DX Congreso 213,MB,DABRA
DX DIGITAL,MB,DABRA
DX FLORES 36,MB,DABRA
DX FLOYCO 183,MB,DABRA
DX Florencio Varela 142,MB,DABRA
DX IRSA NEUQUEN 205,MB,DABRA
DX JUMBO 141,MB,DABRA
DX Jose C.Paz II 57,MB,DABRA
DX Junin 91,MB,DABRA
DX MENDOZA JUMBO III El Portal de lo,MB,DABRA
DX MORENO II 23,MB,DABRA
DX MORON  222,MB,DABRA
DX Martinez 186,MB,DABRA
DX Mendoza II 206,MB,DABRA
DX Mendoza Plaza Shopp. 132,MB,DABRA
DX Neuquen II 133,MB,DABRA
DX OLMOS 124,MB,DABRA
DX PACHECO 196,MB,DABRA
DX PALMAS DEL PILAR 147,MB,DABRA
DX PARQUE BROWN 125,MB,DABRA
DX PEATONAL 120,MB,DABRA
DX PEATONAL CORDOBA 233,MB,DABRA
DX PLAZA OESTE  58,MB,DABRA
DX POMPEYA II 20,MB,DABRA
DX QUIL. FACTORY 65,MB,DABRA
DX RUTA 123,MB,DABRA
DX SAN FERNANDO II 111,MB,DABRA
DX SAN LUIS II,MB,DABRA
DX SAN MARTIN 192,MB,DABRA
DX SAN MARTIN 28,MB,DABRA
DX SAN MARTIN 78,MB,DABRA
DX SAN NICOLAS 116,MB,DABRA
DX SHOP.SOLEIL 14,MB,DABRA
DX SOLANO IV 83,MB,DABRA
DX San Isidro 3,MB,DABRA
DX Santa Fe 114,MB,DABRA
DX TANDIL 92,MB,DABRA
DX Trelew 160,MB,DABRA
DX Tucuman 191,MB,DABRA
DX UNICENTER 53,MB,DABRA
DX Zarate 82,MB,DABRA
Dash(AMI) On Line - A40,MB,AMI MUSIC S.A.
Dash(AMI) PLAZA OESTE - S54,MB,AMI MUSIC S.A.
Dash(AMI) PORTAL TRELEW - S52,MB,AMI MUSIC S.A.
Dash(AMI) SAN JUSTO - S50,MB,AMI MUSIC S.A.
Dash(AMI) SAN LUIS SHOPPING - S47,MB,AMI MUSIC S.A.
Dash(AMI) SAN MIGUEL - S53,MB,AMI MUSIC S.A.
Dash(AMI) Zarate - S42,MB,AMI MUSIC S.A.
Deposito Feler,MB,ISRAEL FELER S.A.
Dexter  cabildo y JURAMENTO 184,MB,DABRA
Dexter Alto avellaneda Suc 238,MB,DABRA
Dexter MDQ Independencia SUC 239,MB,DABRA
Dexter MDQ Luro SUC 240,MB,DABRA
Dexter Shopping Portal Canning SUC 237,MB,DABRA
Dexter Villa Luzuriaga SUC 211,MB,DABRA
Drifters Digital,MB,DRIFTER S.A.
Drifters Guemes,MB,DRIFTER S.A.
Drifters Paseo Aldrey,MB,DRIFTER S.A.
Drifters Peatonal San Martin,MB,DRIFTER S.A.
Drifters Venta Mayorista,MB,DRIFTER S.A.
FLUID,MB,GRAELLS NELSON A.
FORLEDEN SHOPPING SAN JUSTO,MB,ISRAEL FELER S.A.
FUENCARRAL NUEVO CENTRO,MB,ADOLFO ZAKIAN S.A.
FUENCARRAL NVA CBA,MB,ADOLFO ZAKIAN S.A.
FUENCARRAL VILLA CABRERA,MB,ADOLFO ZAKIAN S.A.
GRAELLS DIONYSOS (BS AS),MB,GRAELLS NELSON A.
GRID ABASTO,MB,AMI MUSIC S.A.
GRID ALTO AVELLANEDA,MB,AMI MUSIC S.A.
GRID ALTO PALERMO,MB,AMI MUSIC S.A.
GRID CONSTITUYENTES,MB,AMI MUSIC S.A.
GRID DEPOSITO CENTRAL,MB,AMI MUSIC S.A.
GRID DEVOTO,MB,AMI MUSIC S.A.
GRID DIGITAL,MB,AMI MUSIC S.A.
GRID DOT,MB,AMI MUSIC S.A.
GRID JOSE C PAZ,MB,AMI MUSIC S.A.
GRID LAVALLOL,MB,AMI MUSIC S.A.
GRID MELI,MB,AMI MUSIC S.A.
GRID MORON,MB,AMI MUSIC S.A.
GRID NEUQUEN CENCOSUD,MB,AMI MUSIC S.A.
GRID PERGAMINO,MB,AMI MUSIC S.A.
GRID PLAZA OESTE,MB,AMI MUSIC S.A.
GRID RESISTENCIA,MB,AMI MUSIC S.A.
GRID SALTA,MB,AMI MUSIC S.A.
GRID SAN JUSTO,MB,AMI MUSIC S.A.
GRID SAN LUIS,MB,AMI MUSIC S.A.
GRID SAN MIGUEL,MB,AMI MUSIC S.A.
GRID SAN MIGUEL II,MB,AMI MUSIC S.A.
GRID TOM,MB,AMI MUSIC S.A.
GRID TRELEW,MB,AMI MUSIC S.A.
GRID TUCUMAN,MB,AMI MUSIC S.A.
GRID UNICENTER,MB,AMI MUSIC S.A.
Henzy 67,MB,ROSSETTI CARLOS ALBERTO
Henzy 68,MB,ROSSETTI CARLOS ALBERTO
Henzy 69,MB,ROSSETTI CARLOS ALBERTO
Henzy 70,MB,ROSSETTI CARLOS ALBERTO
Henzy 71,MB,ROSSETTI CARLOS ALBERTO
Henzy 82,MB,ROSSETTI CARLOS ALBERTO
Henzy 83,MB,ROSSETTI CARLOS ALBERTO
Henzy 84,MB,ROSSETTI CARLOS ALBERTO
Henzy 85,MB,ROSSETTI CARLOS ALBERTO
Henzy 86,MB,ROSSETTI CARLOS ALBERTO
Henzy 87,MB,ROSSETTI CARLOS ALBERTO
Henzy 88,MB,ROSSETTI CARLOS ALBERTO
KICKS MONTEVIDEO,MB,JEROME LTDA.
KICKS NUEVO CENTRO,MB,JEROME LTDA.
KICKS PUNTA SHOPPING,MB,JEROME LTDA.
LA CANCHA BLACK PUNTA DEL ESTE,MB,JEROME LTDA.
LA CANCHA Digital,MB,JEROME LTDA.
LA CANCHA LOCAL DE VENTA NIKE PORTONES,ND,JEROME LTDA.
LA CANCHA MONTEVIDEO SHOPPING,MB,JEROME LTDA.
LA CANCHA NIKE MDEO.SHOPPING,ND,JEROME LTDA.
LA CANCHA NIKE STORE NUEVO CENTRO,ND,JEROME LTDA.
LA CANCHA NUEVO CENTRO,MB,JEROME LTDA.
LA CANCHA PORTONES,MB,JEROME LTDA.
LA CANCHA PUNTA CARRETAS,ND,JEROME LTDA.
LA CANCHA TRES CRUCES,MB,JEROME LTDA.
Las Zapas Digital,MB,JEROME LTDA.
MACRI SPORT CENTER 18 de Julio -15,MB,MACRI
MACRI SPORT CENTER ASENCIO SALTO SPORT,MB,MACRI
MACRI SPORT CENTER Av Agraciada -08,MB,MACRI
MACRI SPORT CENTER CONVENCION,MB,MACRI
MACRI SPORT CENTER Centro -10,MB,MACRI
MACRI SPORT CENTER Colon -17,MB,MACRI
MACRI SPORT CENTER DIGITAL,MB,MACRI
MACRI SPORT CENTER DOLORES,MB,MACRI
MACRI SPORT CENTER DURAZNO,MB,MACRI
MACRI SPORT CENTER Fray Bentos -02,MB,MACRI
MACRI SPORT CENTER MANON,MB,MACRI
MACRI SPORT CENTER MELO,MB,MACRI
MACRI SPORT CENTER Maldonado -03,MB,MACRI
MACRI SPORT CENTER Mercedes -01,MB,MACRI
MACRI SPORT CENTER OUTLET MONTEVIDEO-SAN,MB,MACRI
MACRI SPORT CENTER OUTLET PAYSANDU,MB,MACRI
MACRI SPORT CENTER PAYSANDU TERMINAL,MB,MACRI
MACRI SPORT CENTER PROPIOS OUTLET,MB,MACRI
MACRI SPORT CENTER Paysandu -04,MB,MACRI
MACRI SPORT CENTER Punta del Este -06,MB,MACRI
MACRI SPORT CENTER SERRATO,MB,MACRI
MACRI SPORT CENTER Salto Centro -16,MB,MACRI
MACRI SPORT CENTER Salto Shopping -05,MB,MACRI
MACRI SPORT CENTER San Jose -13,MB,MACRI
MACRI SPORT CENTER Trinidad -14,MB,MACRI
MACRI SPORT CENTER Young -12,MB,MACRI
MACRI SPORT LIFE 8 de Octubre -07,MB,MACRI
MACRI SPORT LIFE DIGITAL,MB,MACRI
MACRI SPORT LIFE Tres Cruces -11,MB,MACRI
MARK DIGITAL,MB,AMI MUSIC S.A.
MARK EDISON,MB,AMI MUSIC S.A.
MARK MELI,MB,AMI MUSIC S.A.
MARK PLAZA OESTE,MB,AMI MUSIC S.A.
MARK SAN JUSTO,MB,AMI MUSIC S.A.
MDQ LE SPORTS Almacen Trip,MB,MDQ LE SPORT S.A.
MDQ LE SPORTS Planta Libertad,MB,MDQ LE SPORT S.A.
MERCADOLIBRE NIKE DX,MB,DABRA
MOOV MAR DEL PLATA LURO,MB,DABRA
MOOV Mendoza Plaza,MB,DABRA
MV  ALTO AVELLANEDA 49,MB,DABRA
MV - 221 FLORES,MB,DABRA
MV - MERCADO LIBRE,MB,DABRA
MV 011 - Moron,MB,DABRA
MV 126 - Salta,MB,DABRA
MV 188 - QUILMES,MB,DABRA
MV 200 - CABALLITO,MB,DABRA
MV 210 - PARANA,MB,DABRA
MV 214 - SAN FERNANDO,MB,DABRA
MV 224 - RESISTENCIA,MB,DABRA
MV 226 - SANTA FE,MB,DABRA
MV 228 - VARELA,MB,DABRA
MV 229 - SANTIAGO DEL ESTERO,MB,DABRA
MV 230 - TUCUMAN,MB,DABRA
MV 231 - NEUQUEN,MB,DABRA
MV 232 - MORENO,MB,DABRA
MV 234 - P. BROWN,MB,DABRA
MV ABASTO 121,MB,DABRA
MV Alto Rosario 127,MB,DABRA
MV BELGRANO  165,MB,DABRA
MV CORDOBA 215,MB,DABRA
MV CORNER (Cordoba)  76,MB,DABRA
MV DIGITAL,MB,DABRA
MV FLORIDA II  102,MB,DABRA
MV LANUS II 77,MB,DABRA
MV LOMAS II 52,MB,DABRA
MV MERLO II 35,MB,DABRA
MV Mendoza 145,MB,DABRA
MV ROSARIO PEATONAL 166,MB,DABRA
MV SAN JUAN 159,MB,DABRA
MV SAN MIGUEL I 43,MB,DABRA
MV San Martin 148,MB,DABRA
MV UNICENTER,MB,DABRA
Macri Minas,MB,MACRI
Macri SC - Colonia,MB,MACRI
Macri SC 1- Plaza Italia,MB,MACRI
Macri SC 1- Union Energy - Calle,MB,MACRI
Macri SC 1- Union Energy - Mall,MB,MACRI
Macri Sport Life - Paysandu,MB,MACRI
Macri Treinta y Tres,MB,MACRI
Meli Sport center,MB,MACRI
NBA MARTINEZ - N01,MB,AMI MUSIC S.A.
NDIS MONTEVIDEO,ND,Nike Montevideo
NEWSPORT (Out Let)  O. Higgins 3551,MB,ADOLFO ZAKIAN S.A.
NEWSPORT (Out Let) Martinolli,MB,ADOLFO ZAKIAN S.A.
NEWSPORT - 9 DE JULIO,MB,ADOLFO ZAKIAN S.A.
NEWSPORT - Barrio Jardin,MB,ADOLFO ZAKIAN S.A.
NEWSPORT - Carlos Paz,MB,ADOLFO ZAKIAN S.A.
NEWSPORT - DIGITAL,MB,ADOLFO ZAKIAN S.A.
NEWSPORT - Dino Alto Verde,MB,ADOLFO ZAKIAN S.A.
NEWSPORT - Dino Ruta 20,MB,ADOLFO ZAKIAN S.A.
NEWSPORT - MERCADO LIBRE,MB,ADOLFO ZAKIAN S.A.
NEWSPORT - POETA LUGONES,MB,ADOLFO ZAKIAN S.A.
NEWSPORT - RUTA 9,MB,ADOLFO ZAKIAN S.A.
NEWSPORT COLON,MB,ADOLFO ZAKIAN S.A.
NEWSPORT- PATIO OLMOS,MB,ADOLFO ZAKIAN S.A.
NEWSPORT- SAN MARTIN,MB,ADOLFO ZAKIAN S.A.
NEWSPORT- VILLA CABRERA,MB,ADOLFO ZAKIAN S.A.
Newsport Nuevo Centro,MB,ADOLFO ZAKIAN S.A.
NFS Quilmes,ND,NFS 8 de Octubre
NIKE / GRID - MERCADOLIBRE,MB,AMI MUSIC S.A.
NOS UNICENTER,ND,Nike Unicenter
NSO ABASTO,ND,Nike Abasto
NSO ALCORTA,ND,Nike Alcorta
NSO ALTO AVELLANEDA,ND,Nike Alto Avellaneda
NSO ALTO PALERMO,ND,Nike Buenos Aires
NSO ALTO PALERMO - POP UP,ND,NIKE ALTO PALERMO - POP UP
NSO ALTO ROSARIO,ND,Nike Alto Rosario
NSO CORDOBA NUEVO CENTRO,ND,Nike Cordoba Nuevo Centro
NSO Galerias Pacifico,ND,Nike Galerias Pacifico
NSO PALMAS DEL PILAR,ND,Nike Palmas del Pilar
NSP  MAXI MENDOZA - 35,ND,ANTONIO LUQUIN S.A.
NSP ALTO ROSARIO,ND,GRAELLS NELSON A.
NSP CORDOBA NUEVO CENTRO,ND,ROSSETTI CARLOS ALBERTO
NSP PASEO ALCORTA,ND,PAIR S.A. (NS PALERMO)
NSP PILAR,ND,PAIR S.A. (NS PALERMO)
NSP ROSARIO,ND,GRAELLS NELSON A.
NSP TORTUGAS,ND,PAIR S.A. (NS PALERMO)
NSP TUCUMAN - 27,ND,ANTONIO LUQUIN S.A.
NVS 8 de Octubre,ND,NFS 8 de Octubre
NVS Arcos,ND,NFS Arcos
NVS Barracas,ND,NFS Barracas
NVS La Plata,ND,NIKE OUTLET LA PLATA
NVS NUEVO CENTRO,ND,Nike Nuevo Centro
NVS PLAZA OESTE,ND,Nike Plaza Oeste
NVS Rivadavia,ND,NFS Rivadavia
NVS Soleil,ND,NFS Soleil
NVS TOM,ND,Nike TOM
NVS Tres Cruces,ND,NIKE FACTORY STORES (UY)
Nike Tienda Pop Up,ND,Tienda Pop Up
Nike.com Argentina,ND,Nike.com AR
Nike.com Argentina - Meli Full,ND,Nike.com AR - Meli Full
Nike.com UY,ND,Nike.com UY
OPEN Aldrey,MB,MDQ LE SPORT S.A.
OPEN Carilo,MB,MDQ LE SPORT S.A.
OPEN Catamarca,MB,MDQ LE SPORT S.A.
OPEN Canuelas,MB,MDQ LE SPORT S.A.
OPEN Florida,MB,MDQ LE SPORT S.A.
OPEN Guemes,MB,MDQ LE SPORT S.A.
OPEN Guemes 2,MB,MDQ LE SPORT S.A.
OPEN La Plata 2,MB,MDQ LE SPORT S.A.
OPEN MELI,MB,MDQ LE SPORT S.A.
OPEN R&B,MB,MDQ LE SPORT S.A.
OPEN SPORT General Pico,MB,MDQ LE SPORT S.A.
OPEN SPORT La Plata 3,MB,MDQ LE SPORT S.A.
OPEN SPORTS - SAN CLEMENTE,MB,MDQ LE SPORT S.A.
OPEN SPORTS - CANUELAS,MB,MDQ LE SPORT S.A.
OPEN SPORTS - CHASCOMUS,MB,MDQ LE SPORT S.A.
OPEN SPORTS - DOLORES,MB,MDQ LE SPORT S.A.
OPEN SPORTS - SANTA TERESITA,MB,MDQ LE SPORT S.A.
OPEN SPORTS 25 de Mayo-41,MB,MDQ LE SPORT S.A.
OPEN SPORTS 9 de Julio-47,MB,MDQ LE SPORT S.A.
OPEN SPORTS Azul-59,MB,MDQ LE SPORT S.A.
OPEN SPORTS Balcarce-49,MB,MDQ LE SPORT S.A.
OPEN SPORTS Bolivar-70,MB,MDQ LE SPORT S.A.
OPEN SPORTS Bragado-69,MB,MDQ LE SPORT S.A.
OPEN SPORTS CUD,MB,MDQ LE SPORT S.A.
OPEN SPORTS Chivilcoy-63,MB,MDQ LE SPORT S.A.
OPEN SPORTS Gesell 2-5,MB,MDQ LE SPORT S.A.
OPEN SPORTS Juan B. Justo -64,MB,MDQ LE SPORT S.A.
OPEN SPORTS La Plata 2,MB,MDQ LE SPORT S.A.
OPEN SPORTS Lobos,MB,MDQ LE SPORT S.A.
OPEN SPORTS Mar de Ajo,MB,MDQ LE SPORT S.A.
OPEN SPORTS Mercedes-65,MB,MDQ LE SPORT S.A.
OPEN SPORTS Necochea-67,MB,MDQ LE SPORT S.A.
OPEN SPORTS Olavarria 1-51,MB,MDQ LE SPORT S.A.
OPEN SPORTS Peatonal 2-23,MB,MDQ LE SPORT S.A.
OPEN SPORTS Peatonal-2,MB,MDQ LE SPORT S.A.
OPEN SPORTS Pergamino,MB,MDQ LE SPORT S.A.
OPEN SPORTS Pinamar Outlet-26,MB,MDQ LE SPORT S.A.
OPEN SPORTS Pinamar-15,MB,MDQ LE SPORT S.A.
OPEN SPORTS Rivadavia-4,MB,MDQ LE SPORT S.A.
OPEN SPORTS Roca-46,MB,MDQ LE SPORT S.A.
OPEN SPORTS San Bernardo,MB,MDQ LE SPORT S.A.
OPEN SPORTS San Juan-1,MB,MDQ LE SPORT S.A.
OPEN SPORTS San Pedro-66,MB,MDQ LE SPORT S.A.
OPEN SPORTS Santa Rosa,MB,MDQ LE SPORT S.A.
OPEN SPORTS Tandil 2-16,MB,MDQ LE SPORT S.A.
OPEN SPORTS Tandil 3-19,MB,MDQ LE SPORT S.A.
OPEN SPORTS Viedma-68,MB,MDQ LE SPORT S.A.
OPEN Santa Rosa 2,MB,MDQ LE SPORT S.A.
OPEN Santa Rosa 3,MB,MDQ LE SPORT S.A.
OPEN Trenque Lauquen,MB,MDQ LE SPORT S.A.
OUTLET ROSARIO,MB,GRAELLS NELSON A.
Open Sports Digital,MB,MDQ LE SPORT S.A.
Outlet Rossetti Deportes 19,MB,ROSSETTI CARLOS ALBERTO
Outlet Rossetti Deportes 22,MB,ROSSETTI CARLOS ALBERTO
Outlet Rossetti Deportes 27,MB,ROSSETTI CARLOS ALBERTO
Outlet Rossetti Deportes 29,MB,ROSSETTI CARLOS ALBERTO
Outlet Rossetti Deportes 41,MB,ROSSETTI CARLOS ALBERTO
Outlet Rossetti Deportes 47,MB,ROSSETTI CARLOS ALBERTO
Outlet Rossetti Deportes 50,MB,ROSSETTI CARLOS ALBERTO
Outlet Rossetti Deportes 51,MB,ROSSETTI CARLOS ALBERTO
POP UP UY,ND,Nike Pop-Up UY
Rossetti Carlos - Canada de Gomez  - AS,MB,ROSSETTI CARLOS ALBERTO
Rossetti Carlos - Rio III  - AS,MB,ROSSETTI CARLOS ALBERTO
Rossetti Deportes 17,MB,ROSSETTI CARLOS ALBERTO
Rossetti Deportes 18,MB,ROSSETTI CARLOS ALBERTO
Rossetti Deportes 21,MB,ROSSETTI CARLOS ALBERTO
Rossetti Deportes 25,MB,ROSSETTI CARLOS ALBERTO
Rossetti Deportes 33,MB,ROSSETTI CARLOS ALBERTO
Rossetti Deportes 36,MB,ROSSETTI CARLOS ALBERTO
Rossetti Deportes 39,MB,ROSSETTI CARLOS ALBERTO
Rossetti Deportes 43,MB,ROSSETTI CARLOS ALBERTO
Rossetti Deportes 49,MB,ROSSETTI CARLOS ALBERTO
Rossetti Deportes 58,MB,ROSSETTI CARLOS ALBERTO
Rossetti Deportes 81,MB,ROSSETTI CARLOS ALBERTO
Rossetti Deportes 89,MB,ROSSETTI CARLOS ALBERTO
Rossetti Deportes 91,MB,ROSSETTI CARLOS ALBERTO
Rossetti Deportes 93,MB,ROSSETTI CARLOS ALBERTO
Rossetti Deportes 95,MB,ROSSETTI CARLOS ALBERTO
Rossetti Futbol 28,MB,ROSSETTI CARLOS ALBERTO
SC - MERCADOLIBRE,MB,DABRA
SC CALCHAQUI 194,MB,DABRA
SC CORDOBA 1 182,MB,DABRA
SC Cordoba Colon,MB,DABRA
SC GAONA,MB,DABRA
SC GAONA 209,MB,DABRA
SC GENERAL PAZ 176,MB,DABRA
SC JUJUY 235,MB,DABRA
SC LOMAS BOEDO 167,MB,DABRA
SC LOMAS CENTER Factory (Jumbo) 187,MB,DABRA
SC MONTE GRANDE 174,MB,DABRA
SC PANAMERICANA 208,MB,DABRA
SC PARANA 178,MB,DABRA
SC PARQUE BROWN 185,MB,DABRA
SC Palmas del Pilar,MB,DABRA
SC Portal de Neuquen 134,MB,DABRA
SC SALTA V 193,MB,DABRA
SC SAN JUSTO 177,MB,DABRA
SC SAN MIGUEL 171,MB,DABRA
SC SC DIGITAL,MB,DABRA
SC SC SALTA 135,MB,DABRA
SC SHOP SOLEIL 190,MB,DABRA
SC San Martin Factory 157,MB,DABRA
SC TUCUMAN 173,MB,DABRA
SC Terrazas San Miguel,MB,DABRA
SC Unicenter 199,MB,DABRA
SOLO DEPORTES BALVANERA 2,MB,BLOISE Hnos.Soc.de H.
SOLO DEPORTES BANFIELD,MB,BLOISE Hnos.Soc.de H.
SOLO DEPORTES BARRIO NORTE,MB,BLOISE Hnos.Soc.de H.
SOLO DEPORTES BELGRANO,MB,BLOISE Hnos.Soc.de H.
SOLO DEPORTES CABALLITO,MB,BLOISE Hnos.Soc.de H.
SOLO DEPORTES CAMPANA,MB,BLOISE Hnos.Soc.de H.
SOLO DEPORTES CASTELAR,MB,BLOISE Hnos.Soc.de H.
SOLO DEPORTES DIGITAL,MB,BLOISE Hnos.Soc.de H.
SOLO DEPORTES FLORES 1,MB,BLOISE Hnos.Soc.de H.
SOLO DEPORTES FLORES 2,MB,BLOISE Hnos.Soc.de H.
SOLO DEPORTES ITUZAINGO,MB,BLOISE Hnos.Soc.de H.
SOLO DEPORTES LA PLATA,MB,BLOISE Hnos.Soc.de H.
SOLO DEPORTES LAFERRERE,MB,BLOISE Hnos.Soc.de H.
SOLO DEPORTES LANUS,MB,BLOISE Hnos.Soc.de H.
SOLO DEPORTES LIBERTAD,MB,BLOISE Hnos.Soc.de H.
SOLO DEPORTES LUJAN 1,MB,BLOISE Hnos.Soc.de H.
SOLO DEPORTES LUJAN 2,MB,BLOISE Hnos.Soc.de H.
SOLO DEPORTES MARIANO ACOSTA,MB,BLOISE Hnos.Soc.de H.
SOLO DEPORTES MERLO 1,MB,BLOISE Hnos.Soc.de H.
SOLO DEPORTES MERLO 2,MB,BLOISE Hnos.Soc.de H.
SOLO DEPORTES MERLO 3,MB,BLOISE Hnos.Soc.de H.
SOLO DEPORTES MICROCENTRO,MB,BLOISE Hnos.Soc.de H.
SOLO DEPORTES MORENO 1,MB,BLOISE Hnos.Soc.de H.
SOLO DEPORTES MORENO 2,MB,BLOISE Hnos.Soc.de H.
SOLO DEPORTES MORON,MB,BLOISE Hnos.Soc.de H.
SOLO DEPORTES PADUA,MB,BLOISE Hnos.Soc.de H.
SOLO DEPORTES RAMOS MEJIA,MB,BLOISE Hnos.Soc.de H.
SOLO DEPORTES SAN JUSTO,MB,BLOISE Hnos.Soc.de H.
SOLO DEPORTES SAN MIGUEL,MB,BLOISE Hnos.Soc.de H.
SOLO DEPORTES TRUJUI,MB,BLOISE Hnos.Soc.de H.
SOLO DEPORTES VILLA CRESPO,MB,BLOISE Hnos.Soc.de H.
SOLO DEPORTES VILLA DEL PARQUE,MB,BLOISE Hnos.Soc.de H.
SOLO URBANO CABALLITO,MB,BLOISE Hnos.Soc.de H.
SOLO URBANO CAMPANA,MB,BLOISE Hnos.Soc.de H.
SOLO URBANO MARIANO ACOSTA,MB,BLOISE Hnos.Soc.de H.
SOLO URBANO MERLO,MB,BLOISE Hnos.Soc.de H.
SOLO URBANO MORENO,MB,BLOISE Hnos.Soc.de H.
SOLO URBANO SAN JUSTO,MB,BLOISE Hnos.Soc.de H.
SPORT 78 EX TIA,MB,GRAELLS NELSON A.
SPORT78 ALTO ROSARIO,MB,GRAELLS NELSON A.
SPORT78 DIGITAL,MB,GRAELLS NELSON A.
SPORT78 EX CITI,MB,GRAELLS NELSON A.
SPORT78 PALACE GARDEN,MB,GRAELLS NELSON A.
SPORT78 PORTAL ROSARIO,MB,GRAELLS NELSON A.
SPORT78 SAN MARTIN,MB,GRAELLS NELSON A.
SPORTING 8  (17),MB,ANTONIO LUQUIN S.A.
SPORTING CATAMARCA (49),MB,ANTONIO LUQUIN S.A.
SPORTING CONCEPCION  (13),MB,ANTONIO LUQUIN S.A.
SPORTING CORRIENTES (61),MB,ANTONIO LUQUIN S.A.
SPORTING DIAGONAL TAFI  (41),MB,ANTONIO LUQUIN S.A.
SPORTING JUJUY (8),MB,ANTONIO LUQUIN S.A.
SPORTING LA BANDA  (56),MB,ANTONIO LUQUIN S.A.
SPORTING LA RIOJA (34),MB,ANTONIO LUQUIN S.A.
SPORTING LIBERTAD SALTA (51),MB,ANTONIO LUQUIN S.A.
SPORTING LIBERTAD SAN JUAN  (55),MB,ANTONIO LUQUIN S.A.
SPORTING MENDOZA CENTRO  (28),MB,ANTONIO LUQUIN S.A.
SPORTING MUJER (7),MB,ANTONIO LUQUIN S.A.
SPORTING PALMARES (57),MB,ANTONIO LUQUIN S.A.
SPORTING PORTAL SALTA  (38),MB,ANTONIO LUQUIN S.A.
SPORTING PORTAL SANTIAGO  (43),MB,ANTONIO LUQUIN S.A.
SPORTING PORTAL TUCUMAN (31),MB,ANTONIO LUQUIN S.A.
SPORTING SALTA 2 (37),MB,ANTONIO LUQUIN S.A.
SPORTING SAN LUIS (30),ND,ANTONIO LUQUIN S.A.
SPORTING SAN MARTIN-MENDOZA  (32),MB,ANTONIO LUQUIN S.A.
SPORTING SAN PEDRO DE JUJUY  (44),MB,ANTONIO LUQUIN S.A.
SPORTING SAN RAFAEL-MENDOZA  (29),MB,ANTONIO LUQUIN S.A.
SPORTING SGO  (52),MB,ANTONIO LUQUIN S.A.
SPORTING SHOPPING MENDOZA (2),MB,ANTONIO LUQUIN S.A.
SPORTING TERMINAL  MENDOZA (9),MB,ANTONIO LUQUIN S.A.
SPORTING TERMINAL (23),MB,ANTONIO LUQUIN S.A.
SPORTING TUCUMAN PEAT.MENDOZA 9 (48),MB,ANTONIO LUQUIN S.A.
SPORTLINE ARIETA 3198 S J,MB,ISRAEL FELER S.A.
SPORTLINE ARIETA 3314,MB,ISRAEL FELER S.A.
SPORTLINE ATLANTICO SHOPPING,MB,JEROME LTDA.
SPORTLINE CANNING,MB,ISRAEL FELER S.A.
SPORTLINE DEVOTO SHOPPING,MB,ISRAEL FELER S.A.
SPORTLINE EZEIZA,MB,ISRAEL FELER S.A.
SPORTLINE FLORES,MB,ISRAEL FELER S.A.
SPORTLINE ILLIA SAN JUSTO,MB,ISRAEL FELER S.A.
SPORTLINE KIDS PUNTA SHOPPING,MB,JEROME LTDA.
SPORTLINE LAFERRERE,MB,ISRAEL FELER S.A.
SPORTLINE LANUS,MB,ISRAEL FELER S.A.
SPORTLINE LAS TOSCAS,MB,ISRAEL FELER S.A.
SPORTLINE MORON (25 DE MAYO 172),MB,ISRAEL FELER S.A.
SPORTLINE PILAR,MB,ISRAEL FELER S.A.
SPORTLINE PUNTA SHOPPING,MB,JEROME LTDA.
SPORTLINE QUILMES (Lavalle 525),MB,ISRAEL FELER S.A.
SPORTLINE SHOPPING SAN JUSTO,MB,ISRAEL FELER S.A.
SPORTLINE TORTUGAS,MB,ISRAEL FELER S.A.
SPORTLINE TRIUNVIRATO,MB,ISRAEL FELER S.A.
SPORTLINE WEB,MB,ISRAEL FELER S.A.
SPORTMAN SALTA METAN (39),MB,ANTONIO LUQUIN S.A.
SPORTMAN SANTIAGO (26),MB,ANTONIO LUQUIN S.A.
SPORTMAN TUCUMAN (1),MB,ANTONIO LUQUIN S.A.
SPORTMAN TUCUMAN AGUILARES (14),MB,ANTONIO LUQUIN S.A.
SPORTMAN TUCUMAN ALBERDI (15),MB,ANTONIO LUQUIN S.A.
SPORTMAN TUCUMAN BANDA RIO SALI (3),MB,ANTONIO LUQUIN S.A.
SPORTMAN TUCUMAN CONCEPCION (36),MB,ANTONIO LUQUIN S.A.
SPORTMAN TUCUMAN MONTEROS (12),MB,ANTONIO LUQUIN S.A.
SPORTMAN TUCUMAN TAFI VIEJO (16),MB,ANTONIO LUQUIN S.A.
SPORTMAN TUCUMAN YERBA BUENA (21),MB,ANTONIO LUQUIN S.A.
STADIO UNO Deposito SU,MB,MDQ LE SPORT S.A.
STADIO UNO Transito 2,MB,MDQ LE SPORT S.A.
Seven Sport - Varela,MB,TOP SPORT S.A
Sportline (Forleden San Justo),MB,ISRAEL FELER S.A.
Sportline (Moreno),MB,ISRAEL FELER S.A.
Sportline Del Solar,MB,ISRAEL FELER S.A.
Sportline Moron (Ex NSP),MB,ISRAEL FELER S.A.
TEAMSPORT,MB,GRAELLS NELSON A.
TEMPLO DEL FUTBOL NUEVO CENTRO,MB,ADOLFO ZAKIAN S.A.
TRIP Carilo,MB,MDQ LE SPORT S.A.
TRIP GESELL,MB,MDQ LE SPORT S.A.
TRIP General Roca,MB,MDQ LE SPORT S.A.
TRIP La Plata,MB,MDQ LE SPORT S.A.
TRIP MDQ Guemes,MB,MDQ LE SPORT S.A.
TRIP MERCEDES,MB,MDQ LE SPORT S.A.
TRIP Necochea,MB,MDQ LE SPORT S.A.
TRIP PEATONAL,MB,MDQ LE SPORT S.A.
TRIP Pinamar,MB,MDQ LE SPORT S.A.
TRIP Santa Rosa,MB,MDQ LE SPORT S.A.
Templo del Futbol - Unicenter,MB,ADOLFO ZAKIAN S.A.
Trip Digital,MB,MDQ LE SPORT S.A.
Trip Olavarria,MB,MDQ LE SPORT S.A.
Trip Tandil,MB,MDQ LE SPORT S.A.
WEB DEPOSITO TUCUMAN (45),MB,ANTONIO LUQUIN S.A.
WOKER 24 (11),MB,ANTONIO LUQUIN S.A.
WOKER 25 (18),MB,ANTONIO LUQUIN S.A.
WOKER CATAMARCA  (25),MB,ANTONIO LUQUIN S.A.
WOKER JUJUY (59),MB,ANTONIO LUQUIN S.A.
WOKER PALMARES  (64),MB,ANTONIO LUQUIN S.A.
WOKER RESISTENCIA (62),MB,ANTONIO LUQUIN S.A.
WOKER SALTA (19),MB,ANTONIO LUQUIN S.A.
WOKER SOLAR (58),MB,ANTONIO LUQUIN S.A.
